,acc,f1_m,loss,mean_absolute_error,precision_m,recall_m,val_acc,val_f1_m,val_loss,val_mean_absolute_error,val_precision_m,val_recall_m
0,0.5735294222831726,0.5785714387893677,0.6645433236570919,0.47728919982910156,0.5785714387893677,0.5785714387893677,0.8345588445663452,0.8297618627548218,0.6021074397223336,0.44428950548171997,0.8297618627548218,0.8297618627548218
1,0.7941176295280457,0.7928571105003357,0.5477321244337979,0.39563852548599243,0.7928571105003357,0.7928571105003357,0.8676470518112183,0.8619047403335571,0.44165798808847156,0.313768595457077,0.8619047403335571,0.8619047403335571
2,0.8676470518112183,0.8690475821495056,0.3852175662622732,0.2530195116996765,0.8690476417541504,0.8690476417541504,0.8602941036224365,0.8571428656578064,0.30880692707640783,0.1920444667339325,0.8571429252624512,0.8571429252624512
3,0.8529411554336548,0.8547620177268982,0.34437423177501736,0.20098543167114258,0.8547620177268982,0.8547620177268982,0.841911792755127,0.8345237374305725,0.35444351711443495,0.2051849663257599,0.8345237374305725,0.8345237374305725
4,0.841911792755127,0.8440476059913635,0.38331372378503575,0.23300427198410034,0.8440476059913635,0.8440476059913635,0.75,0.7404761910438538,0.5099830712590899,0.29014667868614197,0.7404761910438538,0.7404761910438538
5,0.8639705777168274,0.8678570985794067,0.3381523897542673,0.2194627821445465,0.8678570985794067,0.8678570985794067,0.908088207244873,0.9035713076591492,0.28339809072869165,0.20157942175865173,0.9035714268684387,0.9035714268684387
