,acc,f1_m,loss,mean_absolute_error,precision_m,recall_m,val_acc,val_f1_m,val_loss,val_mean_absolute_error,val_precision_m,val_recall_m
0,0.6838235259056091,0.6928570866584778,0.624185112907606,0.4517219066619873,0.6928571462631226,0.6928571462631226,0.9301470518112183,0.9273808598518372,0.4194723537990025,0.33143407106399536,0.9273808598518372,0.9273808598518372
1,0.9301470518112183,0.9297618865966797,0.241860564743333,0.19130107760429382,0.9297618865966797,0.9297618865966797,0.9301470518112183,0.9273808598518372,0.13767364674380847,0.08169980347156525,0.9273808598518372,0.9273808598518372
2,0.9301470518112183,0.9273809194564819,0.18165733570041245,0.09332656115293503,0.9273809790611267,0.9273809790611267,0.8897058963775635,0.8880952000617981,0.3384498059749603,0.11713942885398865,0.8880952000617981,0.8880952000617981
3,0.9375,0.936904788017273,0.11822742345633314,0.07772155106067657,0.936904788017273,0.936904788017273,0.9632353186607361,0.964285671710968,0.09962223922567708,0.07868575304746628,0.964285671710968,0.964285671710968
4,0.9779411554336548,0.9785714149475098,0.08028366739916451,0.05657881870865822,0.9785714149475098,0.9785714149475098,0.9852941036224365,0.9857142567634583,0.07308654912880488,0.05996278300881386,0.9857142567634583,0.9857142567634583
5,0.9816176295280457,0.9821428060531616,0.053028575446018404,0.04283951222896576,0.9821428060531616,0.9821428060531616,0.9816176295280457,0.9797618985176086,0.04981720450866435,0.032628435641527176,0.9797618985176086,0.9797618985176086
6,0.9816176295280457,0.9821428656578064,0.046865791486411845,0.03565932437777519,0.9821428656578064,0.9821428656578064,0.9375,0.9345237016677856,0.14791100385731884,0.06258083134889603,0.9345237016677856,0.9345237016677856
7,0.9742646813392639,0.9749999046325684,0.08453471544678048,0.04530426114797592,0.9749999642372131,0.9749999642372131,0.9154411554336548,0.9130950570106506,0.22638052881562284,0.08223682641983032,0.9130950570106506,0.9130950570106506
8,0.9485294222831726,0.9452380537986755,0.1255431549541433,0.06792273372411728,0.9452380537986755,0.9452380537986755,0.9301470518112183,0.9297618865966797,0.15445866093172558,0.07470663636922836,0.9297618865966797,0.9297618865966797
