,acc,f1_m,loss,mean_absolute_error,precision_m,recall_m,val_acc,val_f1_m,val_loss,val_mean_absolute_error,val_precision_m,val_recall_m
0,0.7948328256607056,0.7949495315551758,0.4405789715450223,0.3152822256088257,0.7949495315551758,0.7949495315551758,0.9604862928390503,0.9606060981750488,0.20634930806629587,0.17151983082294464,0.9606060981750488,0.9606060981750488
1,0.9255319237709045,0.925420880317688,0.19743331770857053,0.11892083287239075,0.925420880317688,0.925420880317688,0.8145896792411804,0.8143097758293152,0.38014646732445917,0.23860961198806763,0.8143097758293152,0.8143097758293152
2,0.9452887773513794,0.9454545974731445,0.14303520858559565,0.10015948861837387,0.9454546570777893,0.9454546570777893,0.9635258316993713,0.9636365175247192,0.09100775725462219,0.053649045526981354,0.9636365175247192,0.9636365175247192
3,0.9711246490478516,0.9712122082710266,0.08419207166484062,0.05214109271764755,0.9712122082710266,0.9712122082710266,0.9832826852798462,0.9833334684371948,0.05679807628533154,0.04035351052880287,0.9833334684371948,0.9833334684371948
4,0.9680851101875305,0.9680135250091553,0.08717176534580831,0.05429748445749283,0.9680135250091553,0.9680135250091553,0.9696048498153687,0.9696970582008362,0.08247741374582278,0.04322325810790062,0.9696970582008362,0.9696970582008362
5,0.9468085169792175,0.9466330409049988,0.15251971353807892,0.0808672085404396,0.9466330409049988,0.9466330409049988,0.9407294988632202,0.9407408833503723,0.14410505136192747,0.0777164176106453,0.9407408833503723,0.9407408833503723
6,0.9620060920715332,0.9619529247283936,0.11275715002716494,0.06933765113353729,0.9619529843330383,0.9619529843330383,0.954407274723053,0.954377293586731,0.10382996722491401,0.056109923869371414,0.954377293586731,0.954377293586731
