,acc,f1_m,loss,mean_absolute_error,precision_m,recall_m,val_acc,val_f1_m,val_loss,val_mean_absolute_error,val_precision_m,val_recall_m
0,0.4852941036224365,0.48095232248306274,0.770524188876152,0.5106896758079529,0.48095232248306274,0.48095232248306274,0.5625,0.56547611951828,0.6721571471009936,0.4884434938430786,0.5654761791229248,0.5654761791229248
1,0.5735294222831726,0.5809523463249207,0.6323187079499749,0.4612053334712982,0.5809523463249207,0.5809523463249207,0.6507353186607361,0.6559523344039917,0.5905803314277104,0.4335011839866638,0.6559523940086365,0.6559523940086365
2,0.8676470518112183,0.8714285492897034,0.4449657372692052,0.34591537714004517,0.8714285492897034,0.8714285492897034,0.9632353186607361,0.9619047045707703,0.2930186997566904,0.2411639541387558,0.9619047045707703,0.9619047045707703
3,0.9117646813392639,0.9071427583694458,0.2404524379355066,0.17157632112503052,0.9071428179740906,0.9071428179740906,0.9595588445663452,0.9607142210006714,0.16486528515815735,0.13288860023021698,0.9607142806053162,0.9607142806053162
4,0.9448529481887817,0.9440475702285767,0.1480816994958064,0.10263947397470474,0.9440475702285767,0.9440475702285767,0.966911792755127,0.9654760956764221,0.10352211937840496,0.07419627904891968,0.9654761552810669,0.9654761552810669
5,0.9816176295280457,0.9821428060531616,0.0891657732974957,0.06755924969911575,0.9821428060531616,0.9821428060531616,0.9779411554336548,0.978571355342865,0.07677857750760657,0.06196761876344681,0.978571355342865,0.978571355342865
6,0.9522058963775635,0.9511904120445251,0.12150472128654227,0.077816441655159,0.9511904120445251,0.9511904120445251,0.904411792755127,0.9047619700431824,0.23854948400652834,0.10417265444993973,0.9047619700431824,0.9047619700431824
7,0.9375,0.9369047284126282,0.1315153828164672,0.07551681995391846,0.9369047284126282,0.9369047284126282,0.9301470518112183,0.9321427941322327,0.16247413214296103,0.11222682893276215,0.9321427941322327,0.9321427941322327
8,0.9742646813392639,0.9749999642372131,0.07302988805424641,0.04860377311706543,0.9749999642372131,0.9749999642372131,0.9889705777168274,0.9892856478691101,0.06837768081043448,0.05755840614438057,0.9892856478691101,0.9892856478691101
