,acc,f1_m,loss,mean_absolute_error,precision_m,recall_m,val_acc,val_f1_m,val_loss,val_mean_absolute_error,val_precision_m,val_recall_m
0,0.40931373834609985,0.07940316200256348,1.0642557845396154,0.43163323402404785,0.4007936120033264,0.04523809626698494,0.7034313678741455,0.19198551774024963,0.9362983334632147,0.40217795968055725,0.9523809552192688,0.1130952388048172
1,0.6299019455909729,0.48626431822776794,0.8084553585332983,0.34837806224823,0.8040473461151123,0.37857145071029663,0.6666666865348816,0.6552953720092773,0.6761455734570821,0.2778069078922272,0.7591009140014648,0.5809523463249207
2,0.6691176295280457,0.6736372709274292,0.6265233912888695,0.2632794976234436,0.7331222295761108,0.6261903643608093,0.8210784196853638,0.7933743596076965,0.4682995705377488,0.21956892311573029,0.8378793597221375,0.7559524178504944
3,0.8357843160629272,0.8291163444519043,0.43553876204817904,0.19789531826972961,0.8572345972061157,0.8047618865966797,0.8602941036224365,0.8611587285995483,0.34801200670855387,0.16528229415416718,0.8824328184127808,0.8416668176651001
4,0.7843137383460999,0.7823678851127625,0.4556405155682096,0.18391314148902893,0.7999369502067566,0.7666667103767395,0.811274528503418,0.8089131712913513,0.43854616795267376,0.19429223239421844,0.8107768297195435,0.8071427941322327
5,0.8259803652763367,0.8135733008384705,0.41911496032102435,0.18625670671463013,0.8259790539741516,0.8023809790611267,0.8259803652763367,0.826842725276947,0.38836196348780677,0.16954457759857178,0.8353583216667175,0.8190476298332214
6,0.8333333134651184,0.830765962600708,0.37434477110703784,0.16776669025421143,0.848663330078125,0.8142856359481812,0.8700980544090271,0.8640109300613403,0.32855684487592607,0.15376970171928406,0.864974856376648,0.8630951642990112
